epoch,train_loss,train_data_loss,train_phys_loss,phys_data_ratio,grad_norm,val_rel_l2,val_mse
0,0.3654126701876521,0.3653739169239998,0.3875366020947695,1.0606575459938474,1.52527758363032,0.10134708881378174,0.03849140182137489
