epoch,train_loss,train_data_loss,train_phys_loss,phys_data_ratio,grad_norm,val_rel_l2,val_mse
0,1.0091365575790405,1.0019378662109375,0.7198656797409058,0.7184733744650716,3.0719776035235435,0.3339685797691345,0.39756086468696594
1,0.6945720911026001,0.6883997917175293,0.6172281503677368,0.8966129243412143,2.4546610386249017,0.26157984137535095,0.268844336271286
2,0.4596169888973236,0.45462527871131897,0.49917054176330566,1.0979823717199684,1.9955305137258876,0.19632181525230408,0.17471756041049957
3,0.287040650844574,0.2834200859069824,0.3620559871196747,1.2774535226077812,1.6180607953558357,0.14129576086997986,0.10699956119060516
4,0.16552910208702087,0.16340482234954834,0.21242840588092804,1.3000130768877227,1.2463223658299014,0.10123297572135925,0.06179124116897583
5,0.08979680389165878,0.08899305760860443,0.08037443459033966,0.9031539847055275,0.8685137822307099,0.07816439121961594,0.03668909892439842
6,0.056840065866708755,0.0550592765212059,0.17807891964912415,3.2343127425682323,0.8178942613993186,0.07836432009935379,0.02885335311293602
