epoch,train_loss,train_data_loss,train_phys_loss,phys_data_ratio,grad_norm,val_rel_l2,val_mse
0,0.9696142077445984,0.9688388705253601,0.775355339050293,0.8002933848327646,2.8860066242179574,0.28272393345832825,0.35007327795028687
1,0.6785690188407898,0.6779020428657532,0.6669566631317139,0.9838540393125694,2.373449621244433,0.21530640125274658,0.225946843624115
2,0.4575982689857483,0.45706984400749207,0.5284162759780884,1.1560952508812348,1.963893640035664,0.15569816529750824,0.14216665923595428
3,0.2975262701511383,0.29715496301651,0.37130317091941833,1.2495270721720662,1.604037393705079,0.11806710064411163,0.08977796137332916
4,0.18811632692813873,0.18789559602737427,0.2207333743572235,1.1747660883178186,1.2822792877261322,0.10027506947517395,0.06043331325054169
5,0.11890321224927902,0.11878226697444916,0.1209423840045929,1.018185517797942,0.9859119998402458,0.0955284908413887,0.046457089483737946
6,0.08166804164648056,0.08155255764722824,0.11548241227865219,1.41604893347667,0.7360679838878905,0.09886899590492249,0.04219554364681244
7,0.07087141275405884,0.07062091678380966,0.2504975497722626,3.5470730370026984,0.6919786536244295,0.10417357832193375,0.04294972121715546
8,0.07781583815813065,0.07714363187551498,0.6722051501274109,8.713682954571466,0.9240295554551349,0.10626178234815598,0.043971799314022064
