{
  "ground_truth_residual": {
    "residual_l2_mean": 0.36272311210632324,
    "residual_l2_std": 0.14119939506053925,
    "residual_l2_median": 0.38277363777160645,
    "residual_l2_max": 0.9527767896652222,
    "residual_l2_min": 0.012388554401695728,
    "relative_residual_mean": 0.14963896572589874,
    "relative_residual_std": 0.10805909335613251,
    "relative_residual_max": 0.9047721028327942,
    "uT_norm_mean": 2.8815078735351562,
    "uT_norm_std": 0.9811112284660339,
    "physics_loss_on_truth": 0.15149536728858948
  },
  "composite_ground_truth_residual": {
    "composite_midpoint_loss_on_truth": 0.006185547448694706,
    "single_midpoint_loss_on_truth": 0.15149536728858948,
    "reduction_factor": 24.49182849944163,
    "conservation_loss_on_truth": 3.273648171119026e-14
  },
  "loss_scale_mismatch": {
    "tiny": {
      "data_loss_normalized": 1.0637134313583374,
      "physics_loss_physical": 1.3717460632324219,
      "ratio_phys_over_data": 1.2895823468927472,
      "effective_phys_contribution": 0.1371746063232422,
      "effective_ratio": 0.12895823468927473
    },
    "small": {
      "data_loss_normalized": 0.9736021757125854,
      "physics_loss_physical": 1.110487699508667,
      "ratio_phys_over_data": 1.1405969781198302,
      "effective_phys_contribution": 0.11104876995086671,
      "effective_ratio": 0.11405969781198304
    },
    "large": {
      "data_loss_normalized": 1.0941460132598877,
      "physics_loss_physical": 1.3431929349899292,
      "ratio_phys_over_data": 1.2276176293765706,
      "effective_phys_contribution": 0.13431929349899294,
      "effective_ratio": 0.12276176293765709
    }
  },
  "gradient_scale": {
    "tiny": {
      "grad_norm_data_loss": 1.0264195519576926,
      "grad_norm_physics_loss": 1.3918704906800152,
      "grad_norm_ratio_phys_over_data": 1.3560444050635017,
      "effective_grad_ratio_at_lambda": 0.13560444050635018
    },
    "small": {
      "grad_norm_data_loss": 1.5834023840187894,
      "grad_norm_physics_loss": 2.9541280555053078,
      "grad_norm_ratio_phys_over_data": 1.8656837234307542,
      "effective_grad_ratio_at_lambda": 0.1865683723430754
    }
  },
  "issues": [
    "RESIDUAL PROXY: Ground-truth midpoint residual is 15.0% relative. The implicit midpoint rule is not a faithful surrogate for the true flow map at T=1.0. The physics loss penalizes correct predictions."
  ]
}