epoch,train_loss,train_data_loss,train_phys_loss,phys_data_ratio,grad_norm,val_rel_l2,val_mse
0,0.404297299683094,0.3662510560825467,0.3804624113254249,1.0388022232478564,1.7186830212302928,0.10041972994804382,0.03818262740969658
