epoch,train_loss,train_data_loss,train_phys_loss,phys_data_ratio,grad_norm,val_rel_l2,val_mse
0,1.0020098686218262,1.0019378662109375,0.7198656797409058,0.7184733744650716,3.065637731383294,0.33374443650245667,0.3971790075302124
1,0.6885409355163574,0.6884790658950806,0.6187851428985596,0.8987711806372601,2.4441797882319443,0.2612817585468292,0.2684171199798584
2,0.454841673374176,0.45479148626327515,0.5018521547317505,1.1034774614079568,1.9818726156462816,0.19597049057483673,0.1742836833000183
3,0.2837360203266144,0.2836994230747223,0.3658905029296875,1.2897118329116843,1.602151080437351,0.14097480475902557,0.1066187396645546
4,0.1637853980064392,0.16376370191574097,0.21696621179580688,1.3248736396264384,1.2316592495561078,0.10101846605539322,0.061509110033512115
5,0.08926829695701599,0.08925990015268326,0.08396643400192261,0.9406960332500268,0.8634112747484682,0.07800716906785965,0.03651416674256325
6,0.05501781031489372,0.05500609800219536,0.11712504178285599,2.1293101317272383,0.5773940916395329,0.07893048226833344,0.02881225198507309
