epoch,train_loss,train_data_loss,train_phys_loss,phys_data_ratio,grad_norm,val_rel_l2,val_mse
0,0.450469758361578,0.44634375534951687,0.41260020062327385,0.9244000743332467,1.7024640837454457,0.08759980648756027,0.03531714156270027
