epoch,train_loss,train_data_loss,train_phys_loss,phys_data_ratio,grad_norm,val_rel_l2,val_mse
0,0.8956235200166702,0.8949242755770683,0.6992501094937325,0.7813511473279005,1.1282318346403102,0.27443215250968933,0.40445494651794434
1,0.655334360897541,0.6548021584749222,0.5322012901306152,0.8127665482504631,1.0365125746012964,0.22009873390197754,0.30265772342681885
2,0.4578298181295395,0.45749128609895706,0.33853114023804665,0.7399728705757711,0.9626556902428547,0.17152737081050873,0.21585386991500854
3,0.2961147129535675,0.2959683686494827,0.14634297974407673,0.494454797355023,0.8570628472783414,0.12193479388952255,0.13916368782520294
4,0.17683790624141693,0.17678958177566528,0.04832090763375163,0.2733244071761411,0.6334591930813079,0.1035238578915596,0.08778120577335358
5,0.11132238805294037,0.11124189291149378,0.08049364574253559,0.7235911187395733,0.43943530990418866,0.09395645558834076,0.05579576641321182
6,0.06818030821159482,0.06810936518013477,0.07094252621755004,1.0415972315983588,0.3232791998944925,0.07541816681623459,0.03428925201296806
7,0.04089230764657259,0.04085430526174605,0.0380024928599596,0.93019554772709,0.2145323734243652,0.05582667887210846,0.020949771627783775
8,0.02547106659039855,0.025436429772526026,0.03463707375340164,1.3617112960881506,0.15164500711273107,0.04111146181821823,0.013668760657310486
