epoch,train_loss,train_data_loss,train_phys_loss,phys_data_ratio,grad_norm,val_rel_l2,val_mse
0,0.5998003734275699,0.5997564475983381,0.4392788715194911,0.732428760505264,1.0418410609564488,0.12155339121818542,0.14016488194465637
1,0.10507762781344354,0.1050717041362077,0.059236469329334795,0.5637718529105108,0.40714325795388134,0.0575992688536644,0.021933602169156075
