epoch,train_loss,train_data_loss,train_phys_loss,phys_data_ratio,grad_norm,val_rel_l2,val_mse
0,0.8008026108145714,0.800737775862217,0.6483267769217491,0.8096617850002705,1.4915659651559474,0.28315475583076477,0.35824644565582275
1,0.4905703105032444,0.49051662161946297,0.5368115827441216,1.0943800048443082,1.1769260695159127,0.21430791914463043,0.20085418224334717
2,0.2646926250308752,0.2646547332406044,0.3788913022726774,1.4316437784175868,0.928574558568884,0.14180828630924225,0.09595189988613129
3,0.11995183490216732,0.11993235256522894,0.19480240996927023,1.6242690633732118,0.5920822909100442,0.09718635678291321,0.04503992944955826
4,0.061806711833924055,0.06180022470653057,0.06486465781927109,1.0495861160261557,0.26464430707338044,0.08841157704591751,0.033720072358846664
5,0.0488865808583796,0.04888048814609647,0.060924105579033494,1.2463890580826535,0.28367676167327305,0.0766858235001564,0.025350267067551613
