epoch,train_loss,train_data_loss,train_phys_loss,phys_data_ratio,grad_norm,val_rel_l2,val_mse
0,0.6001940951682627,0.599754998460412,0.43909696908667684,0.7321272356443066,1.0424060529698023,0.12155307829380035,0.1401924192905426
1,0.10514862963464111,0.10508982965257019,0.058799593651201576,0.5595174513613222,0.40739172375949884,0.0575999915599823,0.021950099617242813
