epoch,train_loss,train_data_loss,train_phys_loss,phys_data_ratio,grad_norm,val_rel_l2,val_mse
0,1.0739244222640991,1.0019378662109375,0.7198656797409058,0.7184733744650716,3.1379924883671046,0.3351105749607086,0.3997572660446167
1,0.7493473291397095,0.6886644959449768,0.6068282723426819,0.8811667741198125,2.554304979749001,0.2639521658420563,0.27260151505470276
2,0.5024094581604004,0.45467135310173035,0.47738105058670044,1.049947500166981,2.1281358430446886,0.19961225986480713,0.1790231317281723
3,0.31586477160453796,0.2828906774520874,0.32974088191986084,1.1656124015458529,1.769129070540072,0.14460210502147675,0.111050546169281
4,0.18001434206962585,0.16264086961746216,0.17373467981815338,1.0682104702636201,1.3844227230245796,0.10396640002727509,0.0649326741695404
5,0.09498544782400131,0.08913227915763855,0.05853167921304703,0.6566832999920088,0.8953077566566716,0.08093366026878357,0.03867221996188164
