{
  "x_mean": [
    1.3936653539657256,
    1.4952132520914831
  ],
  "x_std": [
    0.599174123450748,
    0.551249723078177
  ],
  "y_mean": [
    2.683319893347605,
    0.5341482305935007
  ],
  "y_std": [
    1.0295621654601503,
    0.32504806533642594
  ]
}