epoch,train_loss,train_data_loss,train_phys_loss,phys_data_ratio,grad_norm,val_rel_l2,val_mse
0,0.9284154325723648,0.9276368170976639,0.7786039933562279,0.839341409272951,1.2903158671556092,0.35558968782424927,0.46914413571357727
1,0.6607252135872841,0.6600715517997742,0.6536599211394787,0.9902864611528654,1.1848912387386983,0.29220014810562134,0.3276829719543457
2,0.43674659356474876,0.43624283745884895,0.5037637278437614,1.1547782211811828,1.1110472933193212,0.22481116652488708,0.20492982864379883
3,0.24026967026293278,0.23994634859263897,0.32332003116607666,1.3474680196737756,0.9585187818756341,0.14803646504878998,0.10540015250444412
4,0.10772926080971956,0.1076006218791008,0.12863994110375643,1.1955315764651921,0.6243930744878637,0.08464548736810684,0.04504052922129631
5,0.0505830489564687,0.05054811970330775,0.034929478308185935,0.6910143940705322,0.2555013867743541,0.07493167370557785,0.028659777715802193
