epoch,train_loss,train_data_loss,train_phys_loss,phys_data_ratio,grad_norm,val_rel_l2,val_mse
0,0.585573467426002,0.579805925488472,0.5767542528919876,0.9947367343755353,1.1808429948652683,0.14623180031776428,0.10194046050310135
