epoch,train_loss,train_data_loss,train_phys_loss,phys_data_ratio,grad_norm,val_rel_l2,val_mse
0,0.5799217335879803,0.5798638500273228,0.5788117502816021,0.9981856090086129,1.1731307936535476,0.14601027965545654,0.10161729902029037
