epoch,train_loss,train_data_loss,train_phys_loss,phys_data_ratio,grad_norm,val_rel_l2,val_mse
0,0.6364046949893236,0.5805262979120016,0.5587839521467686,0.9625471820252856,1.2555055587691597,0.15014353394508362,0.10619151592254639
