epoch,train_loss,train_data_loss,train_phys_loss,phys_data_ratio,grad_norm,val_rel_l2,val_mse
0,0.48505048267543316,0.44571731612086296,0.3933316320180893,0.8824688155293287,1.7923955212144653,0.08935421705245972,0.03638291358947754
