epoch,train_loss,train_data_loss,train_phys_loss,phys_data_ratio,grad_norm,val_rel_l2,val_mse
0,8.722392082214355,0.9688388705253601,0.775355339050293,0.8002933848327646,24.558065704347182,0.3289680778980255,0.43734994530677795
1,6.6288161277771,0.7767263054847717,0.5852090120315552,0.7534301437960358,28.570920469001027,0.305519700050354,0.37110620737075806
2,4.375571250915527,0.6438783407211304,0.37316930294036865,0.5795649260734983,32.67896171347903,0.28482586145401,0.3183436095714569
3,2.1386547088623047,0.560403048992157,0.15782517194747925,0.281627967997883,29.342619887180025,0.2663351595401764,0.2750755250453949
