epoch,train_loss,train_data_loss,train_phys_loss,phys_data_ratio,grad_norm,val_rel_l2,val_mse
0,1.0026577711105347,1.0019378662109375,0.7198656797409058,0.7184733744650716,3.066206151352068,0.3337709903717041,0.3972260355949402
1,0.689084529876709,0.68846595287323,0.6185905337333679,0.8985056285670404,2.4452082462020273,0.26131388545036316,0.2684640884399414
2,0.4552631080150604,0.4547615647315979,0.5015423893928528,1.1028689060142212,1.983156132739164,0.19600288569927216,0.17432717978954315
3,0.28402137756347656,0.28365588188171387,0.36548912525177,1.288494787512219,1.6035809099295082,0.140999898314476,0.1066550612449646
4,0.16393427550792694,0.16371776163578033,0.21650946140289307,1.3224555432449496,1.232950908075112,0.10102952271699905,0.06153412535786629
5,0.08931329846382141,0.08922969549894333,0.08360621333122253,0.9369774587229496,0.8638118474768688,0.07802663743495941,0.03653626888990402
6,0.055139049887657166,0.05501796305179596,0.12108511477708817,2.200828748659672,0.5747573755095511,0.0789199098944664,0.028815096244215965
