epoch,train_loss,train_data_loss,train_phys_loss,phys_data_ratio,grad_norm,val_rel_l2,val_mse
0,0.43938471330329776,0.4389323617797345,0.4523498509079218,1.030568466343615,1.1056446319685074,0.09802883863449097,0.04618345573544502
