epoch,train_loss,train_data_loss,train_phys_loss,phys_data_ratio,grad_norm,val_rel_l2,val_mse
0,0.43899789243005216,0.438952632015571,0.4526221160776913,1.031141137027367,1.1050881665430614,0.098013736307621,0.046161551028490067
