epoch,train_loss,train_data_loss,train_phys_loss,phys_data_ratio,grad_norm,val_rel_l2,val_mse
0,0.44643798377364874,0.4463964765891433,0.4151000129058957,0.9298908810338744,1.6921515021103302,0.08744099736213684,0.035197220742702484
