epoch,train_loss,train_data_loss,train_phys_loss,phys_data_ratio,grad_norm,val_rel_l2,val_mse
0,0.9689164161682129,0.9688388705253601,0.775355339050293,0.8002933848327646,2.8851390322079813,0.28271085023880005,0.3500508964061737
1,0.6779804825782776,0.6779137849807739,0.6670490503311157,0.9839732796553675,2.3722580803641935,0.21528932452201843,0.22591698169708252
2,0.4571433663368225,0.45709049701690674,0.5285888910293579,1.1564206529758736,1.962454229362268,0.155687615275383,0.1421424299478531
3,0.2972232401371002,0.29718607664108276,0.37152642011642456,1.2501474642270136,1.6027834295556793,0.11806678771972656,0.08976243436336517
4,0.1879461258649826,0.18792402744293213,0.2209823876619339,1.1759134298515435,1.281430217548078,0.10026650130748749,0.0604187436401844
5,0.11880125105381012,0.11878913640975952,0.12112516164779663,1.019665310386457,0.9853210236956514,0.09551308304071426,0.046440981328487396
6,0.08154356479644775,0.08153203129768372,0.1153658777475357,1.414976125472949,0.7335949176416681,0.09886137396097183,0.04218535125255585
7,0.0706239715218544,0.07059896737337112,0.2500646710395813,3.542044315139685,0.6825526765120484,0.10420089960098267,0.042953114956617355
8,0.07728110998868942,0.07721350342035294,0.6760419607162476,8.755488752218017,0.8876188662981894,0.10635364800691605,0.043980348855257034
