epoch,train_loss,train_data_loss,train_phys_loss,phys_data_ratio,grad_norm,val_rel_l2,val_mse
0,9.148168563842773,1.1623471975326538,0.7985821962356567,0.687042733815532,21.26995120839463,0.3640895187854767,0.5472216010093689
1,7.081068515777588,0.962880551815033,0.611818790435791,0.6354046608195696,24.814232709351767,0.3439563512802124,0.4873667061328888
2,4.965722560882568,0.8221655488014221,0.41435569524765015,0.5039808537972802,28.930399044768926,0.3265016973018646,0.43563181161880493
3,2.818470001220703,0.7225130796432495,0.2095957100391388,0.2900926169289966,31.085139950400627,0.3094038963317871,0.3862593472003937
4,1.1767992973327637,0.6519463062286377,0.052485305815935135,0.08050556512782592,8.998318642623952,0.29101845622062683,0.33513540029525757
