epoch,train_loss,train_data_loss,train_phys_loss,phys_data_ratio,grad_norm,val_rel_l2,val_mse
0,0.3692673547193408,0.36540063051506877,0.38667231425642967,1.0582146881119945,1.5391820904681124,0.10123622417449951,0.03843234106898308
