epoch,train_loss,train_data_loss,train_phys_loss,phys_data_ratio,grad_norm,val_rel_l2,val_mse
0,8.200594902038574,1.0019378662109375,0.7198656797409058,0.7184733744650716,25.948900212452685,0.39062416553497314,0.5094687342643738
1,5.6538567543029785,0.8375751376152039,0.4816281795501709,0.5750268339166473,30.752514146252484,0.3719373643398285,0.46257197856903076
2,3.02268648147583,0.7402547597885132,0.2282431721687317,0.3083305701863228,33.5431742221728,0.35734137892723083,0.42529532313346863
3,1.0531988143920898,0.6891730427742004,0.03640257567167282,0.05282066101299859,8.619389937107316,0.34202685952186584,0.38657301664352417
