epoch,train_loss,train_data_loss,train_phys_loss,phys_data_ratio,grad_norm,val_rel_l2,val_mse
0,0.8949950411915779,0.8949251249432564,0.6992841511964798,0.781388444358201,1.127726298237345,0.27442479133605957,0.40443655848503113
1,0.6548593826591969,0.6548061557114124,0.5323255658149719,0.8129513767881859,1.0359630072791162,0.2200947403907776,0.3026285767555237
2,0.4575301818549633,0.4574963003396988,0.3387769628316164,0.7405020818311946,0.9620647327893429,0.17153139412403107,0.2158220410346985
3,0.295967910438776,0.2959532290697098,0.14674510341137648,0.4958388319419609,0.8565900718558259,0.12193512916564941,0.13913732767105103
4,0.17674818076193333,0.17674332670867443,0.04856334114447236,0.2747676081967111,0.6331830497137915,0.10349803417921066,0.08774912357330322
5,0.11120375711470842,0.11119566392153502,0.08092183573171496,0.7277427273496679,0.43884229783241574,0.09398775547742844,0.05578366667032242
6,0.06813674420118332,0.06812955113127828,0.0719281230121851,1.0557551285430808,0.3230163110704955,0.07548390328884125,0.034287501126527786
7,0.04087806702591479,0.04087422206066549,0.03845244972035289,0.9407506193825975,0.21473318473437542,0.05584855005145073,0.02094026282429695
8,0.025414342526346445,0.025410805363208055,0.03537309623789042,1.3920493952193513,0.15136136619079998,0.041064221411943436,0.013654880225658417
