epoch,train_loss,train_data_loss,train_phys_loss,phys_data_ratio,grad_norm,val_rel_l2,val_mse
0,0.801391214132309,0.800742968916893,0.6482566371560097,0.8095689407461916,1.491752256632186,0.28318220376968384,0.35829445719718933
1,0.49104375019669533,0.4905071221292019,0.5366299748420715,1.0940309541534459,1.1773206716357385,0.21433384716510773,0.2009126991033554
2,0.26500222831964493,0.2646236717700958,0.3785613626241684,1.4305649985578812,0.9293216794474712,0.14182573556900024,0.09599468857049942
3,0.12008965760469437,0.119895339012146,0.1943186828866601,1.6207359225780633,0.5929148480049607,0.09719598293304443,0.04505901783704758
4,0.061860067304223776,0.06179551687091589,0.06454996298998594,1.0445735590305651,0.26523958812104526,0.08843087404966354,0.03372962027788162
5,0.04895171197131276,0.048890525475144386,0.061186619102954865,1.2515025868163705,0.2849894267765432,0.07667991518974304,0.02535225823521614
