{
  "x_mean": [
    1.4732762340624126,
    1.479295219174649
  ],
  "x_std": [
    0.5805945679467837,
    0.5650597349800546
  ],
  "y_mean": [
    2.790128745042313,
    0.5617985350975103
  ],
  "y_std": [
    0.9659124432456346,
    0.3156847086053256
  ]
}