epoch,train_loss,train_data_loss,train_phys_loss,phys_data_ratio,grad_norm,val_rel_l2,val_mse
0,0.5804384760558605,0.5798598523251712,0.5786210293881595,0.997863582153439,1.1738380157966266,0.1460397094488144,0.10165347158908844
