epoch,train_loss,train_data_loss,train_phys_loss,phys_data_ratio,grad_norm,val_rel_l2,val_mse
0,0.927715353667736,0.927637480199337,0.7786295264959335,0.839368334199494,1.2898299128828214,0.35557904839515686,0.4691251516342163
1,0.6601370349526405,0.6600716561079025,0.6537662446498871,0.9904473834019852,1.1843161024824274,0.29218369722366333,0.3276520371437073
2,0.4362959563732147,0.43624555692076683,0.5039943121373653,1.1552995879082464,1.1103056547308403,0.2247803658246994,0.2048790156841278
3,0.2399890422821045,0.2399566750973463,0.3236887566745281,1.3489466652395194,0.9576014751860373,0.14801064133644104,0.10536488890647888
4,0.10762645490467548,0.10761354863643646,0.12905881460756063,1.1992803531047493,0.6236662779199004,0.08463460206985474,0.045025117695331573
5,0.050535291666164994,0.05053180968388915,0.034818409476429224,0.6890394326710653,0.2550658986550093,0.07489630579948425,0.028643647208809853
