epoch,train_loss,train_data_loss,train_phys_loss,phys_data_ratio,grad_norm,val_rel_l2,val_mse
0,0.4468740173615515,0.4464591941796243,0.4148306204006076,0.9291568542179208,1.6932980501957822,0.0874616801738739,0.035214923322200775
