epoch,train_loss,train_data_loss,train_phys_loss,phys_data_ratio,grad_norm,val_rel_l2,val_mse
0,0.3657580018043518,0.3653705511242151,0.38744956254959106,1.060429094127703,1.5264704539592249,0.10132016241550446,0.038477975875139236
